{
  "train_mae": 31225.61345731972,
  "train_mape": 3.6966466487246525,
  "train_rmse": 78107.37653124855,
  "train_r2": 0.9971268226111717,
  "test_mae": 80853.2425578487,
  "test_mape": 5.435319546121317,
  "test_rmse": 418998.24560103024,
  "test_r2": 0.943145948851033
}